<description xmlns="http://openoffice.org/extensions/description/2006" xmlns:xlink="http://www.w3.org/1999/xlink">
   <identifier value="rdt_tools" />
   <version value="0.1.0" />
     <display-name>
      <name lang="fr">RDT - Outils pour remplir une mission RDT</name>
      <name lang="en">RDT - RDT Mission Tools</name>
   </display-name>
      <icon>
      <default xlink:href="assets/logo.png" />
   </icon>
   <extension-description>
      <src lang="fr" xlink:href="description/descr-fr.txt" />
      <src lang="en" xlink:href="description/descr-en.txt" />
   </extension-description>
   <registration>
      <simple-license accept-by="user">
         <license-text xlink:href="registration/license_fr.txt" lang="de" />
         <license-text xlink:href="registration/license_en.txt" lang="en-US" />
      </simple-license>
   </registration>

<platform value="linux_x86,linux_x86_64" />

   <update-information>
      <src xlink:href="https://palaceweb.fr/extensions/rdt-tools/update.xml" />
   </update-information>

   <publisher>
      <name lang="fr" xlink:href="https://palaceweb.fr /">PalaceDev</name>
   </publisher>
   <release-notes>
      <src lang="fr" xlink:href="" />
   </release-notes>
</description>